<?xml version="1.0" encoding="UTF-8"?>
<!DOCTYPE filesystem PUBLIC "-//NetBeans//DTD Filesystem 1.1//EN" "http://www.netbeans.org/dtds/filesystem-1_1.dtd">
<filesystem>
    <folder name="Actions">
        <folder name="File">
            <file name="nl-vu-nat-myeditor-OpenEditorAction.instance"/>
            <file name="nl-vu-nat-myeditor-OpenManagerAction.instance"/>
        </folder>
    </folder>
    <folder name="Menu">
        <folder name="File">
            <file name="nl-vu-nat-myeditor-OpenEditorAction.shadow">
                <attr name="originalFile" stringvalue="Actions/File/nl-vu-nat-myeditor-OpenEditorAction.instance"/>
                <attr name="position" intvalue="0"/>
            </file>
            <file name="nl-vu-nat-myeditor-OpenManagerAction.shadow">
                <attr name="originalFile" stringvalue="Actions/File/nl-vu-nat-myeditor-OpenManagerAction.instance"/>
                <attr name="position" intvalue="-100"/>
            </file>
        </folder>
    </folder>
</filesystem>
