<?xml version="1.0" encoding="UTF-8"?>
<!DOCTYPE filesystem PUBLIC "-//NetBeans//DTD Filesystem 1.1//EN" "http://www.netbeans.org/dtds/filesystem-1_1.dtd">
<filesystem>
    <folder name="Actions">
        <folder name="Window">
            <file name="nl-vu-nat-myviewer-MyViewerAction.instance"/>
            <file name="nl-vu-nat-myviewer-TgViewerAction.instance"/>
        </folder>
    </folder>
    <folder name="Menu">
        <folder name="Window">
            <file name="MyViewerAction.shadow">
                <attr name="originalFile" stringvalue="Actions/Window/nl-vu-nat-myviewer-MyViewerAction.instance"/>
            </file>
            <file name="TgViewerAction.shadow">
                <attr name="originalFile" stringvalue="Actions/Window/nl-vu-nat-myviewer-TgViewerAction.instance"/>
            </file>
        </folder>
    </folder>
    <folder name="Windows2">
        <folder name="Components">
            <file name="MyViewerTopComponent.settings" url="MyViewerTopComponentSettings.xml"/>
            <file name="TgViewerTopComponent.settings" url="TgViewerTopComponentSettings.xml"/>
        </folder>
        <folder name="Modes">
            <folder name="navigator">
                <file name="MyViewerTopComponent.wstcref" url="MyViewerTopComponentWstcref.xml"/>
                <file name="TgViewerTopComponent.wstcref" url="TgViewerTopComponentWstcref.xml"/>
            </folder>
        </folder>
    </folder>
</filesystem>
